,2024/7/24,毎回データを　４行目以下に新規貼り付ける,,,
,IN,IN,IN,IN,IN
aoiName,Satname,observation_jst_time,offnadir_angl,looking_direction,flight_direction
[AT] Ishikawa_Nanao_SM2,StriX-1,2024/6/17 0:04,32.911302,Left,Descending
[AT] Ishikawa_Nanao_SM2,StriX-1,2024/6/17 0:05,21.823617,Left,Descending
[AT] Ishikawa_Nanao_SM2,StriX-1,2024/6/17 0:06,26.923083,Left,Descending
[AT] Ishikawa_Nanao_SM2,StriX-1,2024/6/17 0:06,24.347534,Left,Descending
[AT] Ishikawa_Nanao_SM2,StriX-1,2024/6/17 0:06,27.067899,Left,Descending
[AT] Ishikawa_Nanao_SM2,StriX-1,2024/6/17 0:07,23.955199,Left,Descending
[AT] Ishikawa_Nanao_SM2,StriX-1,2024/6/17 0:07,25.689418,Left,Descending
[AT] Ishikawa_Nanao_SM2,StriX-1,2024/6/17 0:07,23.302042,Left,Descending
[AT] Ishikawa_Nanao_SM2,StriX-1,2024/6/17 0:07,27.353528,Left,Descending
[AT] Ishikawa_Nanao_SM2,StriX-1,2024/6/17 0:07,20.043497,Left,Descending
[AT] Ishikawa_Nanao_SM2,StriX-1,2024/6/17 0:07,34.164981,Right,Descending
[AT] Ishikawa_Nanao_SM2,StriX-1,2024/6/17 0:07,18.896559,Right,Descending
[AT] Ishikawa_Nanao_SM2,StriX-1,2024/6/17 0:07,34.343607,Right,Descending
[AT] Ishikawa_Nanao_SM2,StriX-1,2024/6/17 0:07,42.068193,Right,Descending
[AT] Ishikawa_Nanao_SM2,StriX-1,2024/6/17 0:08,44.945426,Right,Descending
[AT] Ishikawa_Nanao_SM2,StriX-1,2024/6/17 0:08,39.484315,Right,Descending
[AT] Ishikawa_Nanao_SM2,StriX-1,2024/6/17 0:08,42.004135,Right,Descending
[AT] Ishikawa_Nanao_SM2,StriX-1,2024/6/17 0:08,41.036182,Right,Descending
[AT] Ishikawa_Nanao_SM2,StriX-1,2024/6/17 0:08,42.053407,Right,Descending
[AT] Ishikawa_Suzu_SM2,StriX-1,2024/6/17 0:09,44.75221,Right,Descending
[AT] Ishikawa_Nanao_SM2,StriX-1,2024/6/17 0:09,44.75221,Right,Descending
[AT] Saga_Hakata_LSM2,StriX-1,2024/6/17 6:24,43.830155,Right,Descending
[AT] Naka_Ryugasaki_LSM2,StriX-1,2024/6/17 7:59,27.046667,Right,Descending
[AT] Ishikawa_Nanao_SM2,StriX-1,2024/6/17 23:56,19.655191,Left,Descending
[AT] Ishikawa_Nanao_SM2,StriX-1,2024/6/17 23:58,21.41713,Right,Descending
[AT] Ishikawa_Nanao_SM2,StriX-1,2024/6/17 23:58,22.798477,Right,Descending
[AT] Ishikawa_Nanao_SM2,StriX-1,2024/6/17 23:58,24.275766,Right,Descending
[AT] Ishikawa_Nanao_SM2,StriX-1,2024/6/17 23:58,25.880365,Right,Descending
[AT] Ishikawa_Nanao_SM2,StriX-1,2024/6/17 23:59,20.388113,Right,Descending
[AT] Ishikawa_Nanao_SM2,StriX-1,2024/6/17 23:59,44.922611,Right,Descending
[AT] Ishikawa_Nanao_SM2,StriX-1,2024/6/17 23:59,34.3455,Right,Descending
[AT] Ishikawa_Nanao_SM2,StriX-1,2024/6/17 23:59,27.471725,Right,Descending
[AT] Ishikawa_Wajima_SM2,StriX-1,2024/6/18 1:33,35.638399,Left,Descending
[AT] Tsukubamirai_Tokyo_LSM2,StriX-1,2024/6/18 1:38,16.120662,Right,Descending
[AT] Tsukubamirai_Tokyo_LSM2,StriX-1,2024/6/18 1:38,18.82682,Right,Descending
[AT] Oita_Miyazaki_LSM2,StriX-1,2024/6/18 3:08,44.672761,Left,Descending
[AT] Naka_Ryugasaki_LSM2,StriX-1,2024/6/18 7:51,36.618369,Right,Descending
[AT] Ishikawa_Nanao_SM2,StriX-1,2024/6/18 23:49,21.844966,Right,Descending
[AT] Ishikawa_Nanao_SM2,StriX-1,2024/6/18 23:49,25.358035,Right,Descending
[AT] Ishikawa_Nanao_SM2,StriX-1,2024/6/18 23:49,25.122993,Right,Descending
[AT] Ishikawa_Nanao_SM2,StriX-1,2024/6/18 23:50,35.715834,Right,Descending
[AT] Ishikawa_Nanao_SM2,StriX-1,2024/6/18 23:50,36.720008,Right,Descending
[AT] Ishikawa_Nanao_SM2,StriX-1,2024/6/18 23:50,37.784847,Right,Descending
[AT] Ishikawa_Nanao_SM2,StriX-1,2024/6/18 23:50,39.047713,Right,Descending
[AT] Ishikawa_Nanao_SM2,StriX-1,2024/6/18 23:50,17.895702,Right,Descending
[AT] Ishikawa_Nanao_SM2,StriX-1,2024/6/18 23:50,35.322665,Right,Descending
[AT] Ishikawa_Nanao_SM2,StriX-1,2024/6/18 23:50,28.710783,Right,Descending
[AT] Ishikawa_Nanao_SM2,StriX-1,2024/6/18 23:50,40.483318,Right,Descending
[AT] Ishikawa_Wajima_SM2,StriX-1,2024/6/19 1:25,21.210663,Left,Descending
[AT] Tsukubamirai_Tokyo_LSM2,StriX-1,2024/6/19 1:29,34.134549,Right,Descending
[AT] Tsukubamirai_Tokyo_LSM2,StriX-1,2024/6/19 1:30,36.298641,Right,Descending
[AT] Oita_Miyazaki_LSM2,StriX-1,2024/6/19 2:59,35.049094,Left,Descending
[AT] AGRI_Ogata,StriX-1,2024/6/19 7:38,21.029776,Right,Descending
[AT] Naka_Ryugasaki_LSM2,StriX-1,2024/6/19 7:42,44.018505,Right,Descending
[AT] Ishikawa_Nanao_SM2,StriX-1,2024/6/19 23:39,27.710975,Right,Descending
[AT] Ishikawa_Nanao_SM2,StriX-1,2024/6/19 23:40,35.614129,Right,Descending
[AT] Ishikawa_Nanao_SM2,StriX-1,2024/6/19 23:41,26.208431,Right,Descending
[AT] Ishikawa_Nanao_SM2,StriX-1,2024/6/19 23:41,38.552764,Right,Descending
[AT] Ishikawa_Nanao_SM2,StriX-1,2024/6/19 23:41,38.424685,Right,Descending
[AT] Ishikawa_Nanao_SM2,StriX-1,2024/6/19 23:41,29.407712,Right,Descending
[AT] Ishikawa_Nanao_SM2,StriX-1,2024/6/19 23:41,26.808938,Right,Descending
[AT] Ishikawa_Nanao_SM2,StriX-1,2024/6/19 23:41,30.09286,Right,Descending
[AT] Ishikawa_Nanao_SM2,StriX-1,2024/6/19 23:41,28.522719,Right,Descending
[AT] Ishikawa_Nanao_SM2,StriX-1,2024/6/19 23:41,30.706051,Right,Descending
[AT] Ishikawa_Nanao_SM2,StriX-1,2024/6/19 23:41,26.958988,Right,Descending
[AT] Ishikawa_Nanao_SM2,StriX-1,2024/6/19 23:41,33.456288,Right,Descending
[AT] Ishikawa_Nanao_SM2,StriX-1,2024/6/19 23:42,41.301903,Right,Descending
[AT] Oita_Miyazaki_LSM2,StriX-1,2024/6/20 2:51,21.486397,Left,Descending
[AT] AGRI_Ogata,StriX-1,2024/6/20 7:30,27.859295,Right,Descending
[AT] Saga_Hakata_LSM2,StriX-1,2024/6/20 7:33,43.052631,Left,Descending
[AT] AGRI_Ogata,StriX-1,2024/6/20 9:04,43.761953,Left,Descending
[AT] Ishikawa_Nanao_SM2,StriX-1,2024/6/20 23:31,28.865448,Right,Descending
[AT] Ishikawa_Nanao_SM2,StriX-1,2024/6/20 23:31,39.441701,Right,Descending
[AT] Ishikawa_Nanao_SM2,StriX-1,2024/6/20 23:32,39.171561,Right,Descending
[AT] Ishikawa_Nanao_SM2,StriX-1,2024/6/20 23:33,41.568023,Right,Descending
[AT] Ishikawa_Nanao_SM2,StriX-1,2024/6/20 23:33,39.766148,Right,Descending
[AT] Ishikawa_Nanao_SM2,StriX-1,2024/6/20 23:33,42.115809,Right,Descending
[AT] Ishikawa_Nanao_SM2,StriX-1,2024/6/20 23:33,42.545803,Right,Descending
[AT] Ishikawa_Nanao_SM2,StriX-1,2024/6/20 23:33,41.039229,Right,Descending
[AT] Ishikawa_Nanao_SM2,StriX-1,2024/6/20 23:33,39.972053,Right,Descending
[AT] Ishikawa_Nanao_SM2,StriX-1,2024/6/20 23:33,44.444513,Right,Descending
[AT] Ishikawa_Wajima_SM2,StriX-1,2024/6/21 1:08,16.858499,Right,Descending
[AT] AGRI_Ogata,StriX-1,2024/6/21 7:21,33.880586,Right,Descending
[AT] Saga_Hakata_LSM2,StriX-1,2024/6/21 7:24,35.815052,Left,Descending
[AT] AGRI_Ogata,StriX-1,2024/6/21 8:56,40.267316,Left,Descending
[AT] Ishikawa_Nanao_SM2,StriX-1,2024/6/21 23:22,40.100444,Right,Descending
[AT] Ishikawa_Wajima_SM2,StriX-1,2024/6/22 1:00,32.772901,Right,Descending
[AT] Railway_Mine_LSM2,StriX-1,2024/6/22 2:36,38.041026,Left,Descending
[AT] AGRI_Ogata,StriX-1,2024/6/22 7:12,39.082662,Right,Descending
[AT] Saga_Hakata_LSM2,StriX-1,2024/6/22 7:16,26.369657,Left,Descending
[AT] AGRI_Ogata,StriX-1,2024/6/22 8:47,36.130647,Left,Descending
[AT] Naka_Ryugasaki_LSM2,StriX-1,2024/6/22 8:51,42.828658,Left,Descending
[AT] Ishikawa_Nanao_SM2,StriX-1,2024/6/23 0:51,40.725025,Left,Descending
[AT] Ishikawa_Wajima_SM2,StriX-1,2024/6/23 0:51,44.039832,Right,Descending
[AT] Ishikawa_Nanao_SM2,StriX-1,2024/6/23 0:51,37.825677,Left,Descending
[AT] Ishikawa_Nanao_SM2,StriX-1,2024/6/23 0:51,43.731873,Left,Descending
[AT] Ishikawa_Nanao_SM2,StriX-1,2024/6/23 0:51,41.915749,Left,Descending
[AT] Ishikawa_Nanao_SM2,StriX-1,2024/6/23 0:51,42.851326,Left,Descending
[AT] Ishikawa_Nanao_SM2,StriX-1,2024/6/23 0:52,42.422924,Left,Descending
[AT] Ishikawa_Suzu_SM2,StriX-1,2024/6/23 0:52,40.715919,Left,Descending
[AT] Ishikawa_Nanao_SM2,StriX-1,2024/6/23 0:52,40.715919,Left,Descending
[AT] Oita_Miyazaki_LSM2,StriX-1,2024/6/23 2:25,29.939526,Right,Descending
[AT] Railway_Mine_LSM2,StriX-1,2024/6/23 2:28,23.304768,Left,Descending
[AT] AGRI_Ogata,StriX-1,2024/6/23 7:04,43.519874,Right,Descending
[AT] AGRI_Ogata,StriX-1,2024/6/23 8:39,31.248156,Left,Descending
[AT] Naka_Ryugasaki_LSM2,StriX-1,2024/6/23 8:43,35.468973,Left,Descending
[AT] AGRI_Ogata,StriX-3,2024/6/17 1:57,26.845904,Right,Descending
[AT] Saga_Hakata_LSM2,StriX-1,2024/6/17 2:00,42.595632,Left,Descending
[AT] AGRI_Ogata,StriX-3,2024/6/17 3:31,43.424006,Left,Descending
[AT] Ishikawa_Nanao_SM2,StriX-3,2024/6/17 4:51,37.729791,Left,Ascending
[AT] Ishikawa_Nanao_SM2,StriX-3,2024/6/17 6:24,16.354076,Right,Ascending
[AT] Ishikawa_Nanao_SM2,StriX-3,2024/6/17 6:24,21.72111,Right,Ascending
[AT] Ishikawa_Nanao_SM2,StriX-3,2024/6/17 6:24,43.055338,Right,Ascending
[AT] Ishikawa_Nanao_SM2,StriX-3,2024/6/17 6:24,20.853465,Right,Ascending
[AT] Ishikawa_Nanao_SM2,StriX-3,2024/6/17 6:24,32.000872,Right,Ascending
[AT] Ishikawa_Nanao_SM2,StriX-3,2024/6/17 6:24,33.593744,Right,Ascending
[AT] Tsukubamirai_Tokyo_LSM2,StriX-3,2024/6/17 7:56,24.685281,Right,Ascending
[AT] Railway_Mine_LSM2,StriX-3,2024/6/17 7:59,21.285773,Left,Ascending
[AT] Oita_Miyazaki_LSM2,StriX-3,2024/6/17 8:02,26.115878,Left,Ascending
[AT] AGRI_Ogata,StriX-3,2024/6/17 11:22,21.093189,Left,Ascending
[AT] Naka_Ryugasaki_LSM2,StriX-3,2024/6/17 12:54,33.037871,Left,Ascending
[AT] Ishikawa_Nanao_SM2,StriX-3,2024/6/17 18:03,18.447295,Right,Descending
[AT] Ishikawa_Nanao_SM2,StriX-3,2024/6/17 18:03,30.862811,Right,Descending
[AT] Ishikawa_Nanao_SM2,StriX-3,2024/6/17 18:04,37.986327,Right,Descending
[AT] Ishikawa_Nanao_SM2,StriX-3,2024/6/17 18:04,29.753797,Right,Descending
[AT] Ishikawa_Nanao_SM2,StriX-3,2024/6/17 18:05,40.65293,Right,Descending
[AT] Ishikawa_Nanao_SM2,StriX-3,2024/6/17 18:05,40.545967,Right,Descending
[AT] Ishikawa_Nanao_SM2,StriX-3,2024/6/17 18:05,30.331969,Right,Descending
[AT] Ishikawa_Nanao_SM2,StriX-3,2024/6/17 18:05,32.622308,Right,Descending
[AT] Ishikawa_Nanao_SM2,StriX-3,2024/6/17 18:05,33.245476,Right,Descending
[AT] Ishikawa_Nanao_SM2,StriX-3,2024/6/17 18:05,31.86479,Right,Descending
[AT] Ishikawa_Nanao_SM2,StriX-3,2024/6/17 18:05,33.787194,Right,Descending
[AT] Ishikawa_Nanao_SM2,StriX-3,2024/6/17 18:05,30.491854,Right,Descending
[AT] Ishikawa_Nanao_SM2,StriX-3,2024/6/17 18:05,36.211141,Right,Descending
[AT] Ishikawa_Nanao_SM2,StriX-3,2024/6/17 18:05,43.139595,Right,Descending
[AT] Oita_Miyazaki_LSM2,StriX-3,2024/6/17 21:15,17.572207,Left,Descending
[AT] AGRI_Ogata,StriX-3,2024/6/18 1:56,27.452868,Right,Descending
[AT] Saga_Hakata_LSM2,StriX-3,2024/6/18 1:59,41.940073,Left,Descending
[AT] AGRI_Ogata,StriX-3,2024/6/18 3:31,43.075904,Left,Descending
[AT] Ishikawa_Nanao_SM2,StriX-3,2024/6/18 4:50,38.687502,Left,Ascending
[AT] Ishikawa_Nanao_SM2,StriX-3,2024/6/18 6:23,19.988073,Right,Ascending
[AT] Ishikawa_Nanao_SM2,StriX-3,2024/6/18 6:23,42.095152,Right,Ascending
[AT] Ishikawa_Nanao_SM2,StriX-3,2024/6/18 6:23,19.117628,Right,Ascending
[AT] Ishikawa_Nanao_SM2,StriX-3,2024/6/18 6:23,30.616539,Right,Ascending
[AT] Ishikawa_Nanao_SM2,StriX-3,2024/6/18 6:23,32.27572,Right,Ascending
[AT] Tsukubamirai_Tokyo_LSM2,StriX-3,2024/6/18 7:56,22.844331,Right,Ascending
[AT] Railway_Mine_LSM2,StriX-3,2024/6/18 7:58,23.036676,Left,Ascending
[AT] Oita_Miyazaki_LSM2,StriX-3,2024/6/18 8:01,27.517468,Left,Ascending
[AT] AGRI_Ogata,StriX-3,2024/6/18 11:21,21.734721,Left,Ascending
[AT] Naka_Ryugasaki_LSM2,StriX-3,2024/6/18 12:53,33.908914,Left,Ascending
[AT] Ishikawa_Nanao_SM2,StriX-3,2024/6/18 18:02,19.92552,Right,Descending
[AT] Ishikawa_Nanao_SM2,StriX-3,2024/6/18 18:02,32.042512,Right,Descending
[AT] Ishikawa_Nanao_SM2,StriX-3,2024/6/18 18:03,38.978349,Right,Descending
[AT] Ishikawa_Nanao_SM2,StriX-3,2024/6/18 18:04,31.062279,Right,Descending
[AT] Ishikawa_Nanao_SM2,StriX-3,2024/6/18 18:04,41.583136,Right,Descending
[AT] Ishikawa_Nanao_SM2,StriX-3,2024/6/18 18:04,41.483205,Right,Descending
[AT] Ishikawa_Nanao_SM2,StriX-3,2024/6/18 18:04,33.853588,Right,Descending
[AT] Ishikawa_Nanao_SM2,StriX-3,2024/6/18 18:04,31.641528,Right,Descending
[AT] Ishikawa_Nanao_SM2,StriX-3,2024/6/18 18:04,34.464075,Right,Descending
[AT] Ishikawa_Nanao_SM2,StriX-3,2024/6/18 18:04,33.132231,Right,Descending
[AT] Ishikawa_Nanao_SM2,StriX-3,2024/6/18 18:04,34.987923,Right,Descending
[AT] Ishikawa_Nanao_SM2,StriX-3,2024/6/18 18:04,31.808026,Right,Descending
[AT] Ishikawa_Nanao_SM2,StriX-3,2024/6/18 18:04,37.327433,Right,Descending
[AT] Ishikawa_Nanao_SM2,StriX-3,2024/6/18 18:04,44.010138,Right,Descending
[AT] Oita_Miyazaki_LSM2,StriX-3,2024/6/18 21:14,15.927906,Left,Descending
[AT] AGRI_Ogata,StriX-3,2024/6/19 1:55,28.064438,Right,Descending
[AT] Saga_Hakata_LSM2,StriX-1,2024/6/19 1:58,41.253653,Left,Descending
[AT] AGRI_Ogata,StriX-3,2024/6/19 3:30,42.714653,Left,Descending
[AT] Ishikawa_Nanao_SM2,StriX-3,2024/6/19 4:49,39.630329,Left,Ascending
[AT] Ishikawa_Nanao_SM2,StriX-3,2024/6/19 6:22,18.170653,Right,Ascending
[AT] Ishikawa_Nanao_SM2,StriX-3,2024/6/19 6:22,41.072492,Right,Ascending
[AT] Ishikawa_Nanao_SM2,StriX-3,2024/6/19 6:22,17.299733,Right,Ascending
[AT] Ishikawa_Nanao_SM2,StriX-3,2024/6/19 6:22,29.150831,Right,Ascending
[AT] Ishikawa_Nanao_SM2,StriX-3,2024/6/19 6:22,30.878935,Right,Ascending
[AT] Tsukubamirai_Tokyo_LSM2,StriX-3,2024/6/19 7:55,20.900175,Right,Ascending
[AT] Railway_Mine_LSM2,StriX-3,2024/6/19 7:57,24.769732,Left,Ascending
[AT] Oita_Miyazaki_LSM2,StriX-3,2024/6/19 8:00,28.903451,Left,Ascending
[AT] AGRI_Ogata,StriX-3,2024/6/19 11:20,22.379138,Left,Ascending
[AT] Naka_Ryugasaki_LSM2,StriX-3,2024/6/19 12:52,34.772665,Left,Ascending
[AT] Ishikawa_Nanao_SM2,StriX-3,2024/6/19 18:01,21.401339,Right,Descending
[AT] Ishikawa_Nanao_SM2,StriX-3,2024/6/19 18:01,33.209218,Right,Descending
[AT] Ishikawa_Nanao_SM2,StriX-3,2024/6/19 18:02,39.955955,Right,Descending
[AT] Ishikawa_Nanao_SM2,StriX-3,2024/6/19 18:03,32.353854,Right,Descending
[AT] Ishikawa_Nanao_SM2,StriX-3,2024/6/19 18:03,42.498196,Right,Descending
[AT] Ishikawa_Nanao_SM2,StriX-3,2024/6/19 18:03,42.405195,Right,Descending
[AT] Ishikawa_Nanao_SM2,StriX-3,2024/6/19 18:03,35.066997,Right,Descending
[AT] Ishikawa_Nanao_SM2,StriX-3,2024/6/19 18:03,32.933509,Right,Descending
[AT] Ishikawa_Nanao_SM2,StriX-3,2024/6/19 18:03,35.66415,Right,Descending
[AT] Ishikawa_Nanao_SM2,StriX-3,2024/6/19 18:03,36.170001,Right,Descending
[AT] Ishikawa_Nanao_SM2,StriX-3,2024/6/19 18:03,34.381022,Right,Descending
[AT] Ishikawa_Nanao_SM2,StriX-3,2024/6/19 18:03,33.105767,Right,Descending
[AT] Ishikawa_Nanao_SM2,StriX-3,2024/6/19 18:03,38.425581,Right,Descending
[AT] Ishikawa_Nanao_SM2,StriX-3,2024/6/19 18:04,44.865261,Right,Descending
[AT] AGRI_Ogata,StriX-3,2024/6/20 1:54,28.68054,Right,Descending
[AT] Saga_Hakata_LSM2,StriX-1,2024/6/20 1:57,40.534699,Left,Descending
[AT] AGRI_Ogata,StriX-3,2024/6/20 3:29,42.339854,Left,Descending
[AT] Ishikawa_Nanao_SM2,StriX-3,2024/6/20 4:48,40.557743,Left,Ascending
[AT] Ishikawa_Nanao_SM2,StriX-3,2024/6/20 6:21,16.267939,Right,Ascending
[AT] Ishikawa_Nanao_SM2,StriX-3,2024/6/20 6:21,44.290587,Right,Ascending
[AT] Ishikawa_Nanao_SM2,StriX-3,2024/6/20 6:21,39.982808,Right,Ascending
[AT] Ishikawa_Nanao_SM2,StriX-3,2024/6/20 6:21,15.399193,Right,Ascending
[AT] Ishikawa_Nanao_SM2,StriX-3,2024/6/20 6:21,27.599743,Right,Ascending
[AT] Ishikawa_Nanao_SM2,StriX-3,2024/6/20 6:21,29.399174,Right,Ascending
[AT] Tsukubamirai_Tokyo_LSM2,StriX-3,2024/6/20 7:54,18.850047,Right,Ascending
[AT] Railway_Mine_LSM2,StriX-3,2024/6/20 7:56,26.481094,Left,Ascending
[AT] Oita_Miyazaki_LSM2,StriX-3,2024/6/20 7:59,30.271893,Left,Ascending
[AT] AGRI_Ogata,StriX-3,2024/6/20 11:19,23.026312,Left,Ascending
[AT] Naka_Ryugasaki_LSM2,StriX-3,2024/6/20 12:51,35.629185,Left,Ascending
[AT] Ishikawa_Nanao_SM2,StriX-3,2024/6/20 18:00,22.871918,Right,Descending
[AT] Ishikawa_Nanao_SM2,StriX-3,2024/6/20 18:00,34.36263,Right,Descending
[AT] Ishikawa_Nanao_SM2,StriX-3,2024/6/20 18:01,40.918795,Right,Descending
[AT] Ishikawa_Nanao_SM2,StriX-3,2024/6/20 18:02,33.627963,Right,Descending
[AT] Ishikawa_Nanao_SM2,StriX-3,2024/6/20 18:02,43.398089,Right,Descending
[AT] Ishikawa_Nanao_SM2,StriX-3,2024/6/20 18:02,43.311725,Right,Descending
[AT] Ishikawa_Nanao_SM2,StriX-3,2024/6/20 18:02,36.261553,Right,Descending
[AT] Ishikawa_Nanao_SM2,StriX-3,2024/6/20 18:02,34.206578,Right,Descending
[AT] Ishikawa_Nanao_SM2,StriX-3,2024/6/20 18:02,36.84532,Right,Descending
[AT] Ishikawa_Nanao_SM2,StriX-3,2024/6/20 18:02,35.610683,Right,Descending
[AT] Ishikawa_Nanao_SM2,StriX-3,2024/6/20 18:02,37.333142,Right,Descending
[AT] Ishikawa_Nanao_SM2,StriX-3,2024/6/20 18:02,34.384379,Right,Descending
[AT] Ishikawa_Nanao_SM2,StriX-3,2024/6/20 18:02,39.505192,Right,Descending
[AT] AGRI_Ogata,StriX-3,2024/6/21 1:53,29.301163,Right,Descending
[AT] Saga_Hakata_LSM2,StriX-1,2024/6/21 1:56,39.781294,Left,Descending
[AT] AGRI_Ogata,StriX-3,2024/6/21 3:28,41.950952,Left,Descending
[AT] Ishikawa_Nanao_SM2,StriX-3,2024/6/21 4:47,41.469532,Left,Ascending
[AT] Ishikawa_Nanao_SM2,StriX-3,2024/6/21 6:20,43.310848,Right,Ascending
[AT] Ishikawa_Nanao_SM2,StriX-3,2024/6/21 6:20,38.820591,Right,Ascending
[AT] Ishikawa_Nanao_SM2,StriX-3,2024/6/21 6:20,25.958831,Right,Ascending
[AT] Ishikawa_Nanao_SM2,StriX-3,2024/6/21 6:21,27.831456,Right,Ascending
[AT] Tsukubamirai_Tokyo_LSM2,StriX-3,2024/6/21 7:53,16.692012,Right,Ascending
[AT] Railway_Mine_LSM2,StriX-3,2024/6/21 7:56,28.167471,Left,Ascending
[AT] Oita_Miyazaki_LSM2,StriX-3,2024/6/21 7:58,31.62123,Left,Ascending
[AT] AGRI_Ogata,StriX-3,2024/6/21 11:18,23.676474,Left,Ascending
[AT] Naka_Ryugasaki_LSM2,StriX-3,2024/6/21 12:50,36.47784,Left,Ascending
[AT] Ishikawa_Nanao_SM2,StriX-3,2024/6/21 17:59,24.33564,Right,Descending
[AT] Ishikawa_Nanao_SM2,StriX-3,2024/6/21 17:59,35.501377,Right,Descending
[AT] Ishikawa_Nanao_SM2,StriX-3,2024/6/21 18:00,41.866286,Right,Descending
[AT] Ishikawa_Nanao_SM2,StriX-3,2024/6/21 18:01,34.882876,Right,Descending
[AT] Ishikawa_Nanao_SM2,StriX-3,2024/6/21 18:01,44.282316,Right,Descending
[AT] Ishikawa_Nanao_SM2,StriX-3,2024/6/21 18:01,44.202381,Right,Descending
[AT] Ishikawa_Nanao_SM2,StriX-3,2024/6/21 18:01,37.436471,Right,Descending
[AT] Ishikawa_Nanao_SM2,StriX-3,2024/6/21 18:01,35.459766,Right,Descending
[AT] Ishikawa_Nanao_SM2,StriX-3,2024/6/21 18:01,38.006315,Right,Descending
[AT] Ishikawa_Nanao_SM2,StriX-3,2024/6/21 18:01,36.819825,Right,Descending
[AT] Ishikawa_Nanao_SM2,StriX-3,2024/6/21 18:01,38.476159,Right,Descending
[AT] Ishikawa_Nanao_SM2,StriX-3,2024/6/21 18:01,35.642258,Right,Descending
[AT] Ishikawa_Nanao_SM2,StriX-3,2024/6/21 18:01,40.565566,Right,Descending
[AT] AGRI_Ogata,StriX-3,2024/6/22 1:52,29.925704,Right,Descending
[AT] Saga_Hakata_LSM2,StriX-1,2024/6/22 1:55,38.991637,Left,Descending
[AT] AGRI_Ogata,StriX-3,2024/6/22 3:27,41.547607,Left,Descending
[AT] Ishikawa_Nanao_SM2,StriX-3,2024/6/22 4:47,42.364959,Left,Ascending
[AT] Ishikawa_Nanao_SM2,StriX-3,2024/6/22 6:19,42.264208,Right,Ascending
[AT] Ishikawa_Nanao_SM2,StriX-3,2024/6/22 6:19,37.581456,Right,Ascending
[AT] Ishikawa_Nanao_SM2,StriX-3,2024/6/22 6:19,24.224786,Right,Ascending
[AT] Ishikawa_Nanao_SM2,StriX-3,2024/6/22 6:20,26.172766,Right,Ascending
[AT] Railway_Mine_LSM2,StriX-3,2024/6/22 7:55,29.824596,Left,Ascending
[AT] Oita_Miyazaki_LSM2,StriX-3,2024/6/22 7:57,32.949022,Left,Ascending
[AT] AGRI_Ogata,StriX-3,2024/6/22 11:17,24.329204,Left,Ascending
[AT] Naka_Ryugasaki_LSM2,StriX-3,2024/6/22 12:49,37.31791,Left,Ascending
[AT] Ishikawa_Nanao_SM2,StriX-3,2024/6/22 17:58,25.789225,Right,Descending
[AT] Ishikawa_Nanao_SM2,StriX-3,2024/6/22 17:58,36.624045,Right,Descending
[AT] Ishikawa_Nanao_SM2,StriX-3,2024/6/22 17:59,42.797738,Right,Descending
[AT] Ishikawa_Nanao_SM2,StriX-3,2024/6/22 18:00,36.117307,Right,Descending
[AT] Ishikawa_Nanao_SM2,StriX-3,2024/6/22 18:00,38.590308,Right,Descending
[AT] Ishikawa_Nanao_SM2,StriX-3,2024/6/22 18:00,36.691308,Right,Descending
[AT] Ishikawa_Nanao_SM2,StriX-3,2024/6/22 18:00,39.14592,Right,Descending
[AT] Ishikawa_Nanao_SM2,StriX-3,2024/6/22 18:00,38.007278,Right,Descending
[AT] Ishikawa_Nanao_SM2,StriX-3,2024/6/22 18:00,39.598115,Right,Descending
[AT] Ishikawa_Nanao_SM2,StriX-3,2024/6/22 18:00,36.877865,Right,Descending
[AT] Ishikawa_Nanao_SM2,StriX-3,2024/6/22 18:00,41.60575,Right,Descending
[AT] AGRI_Ogata,StriX-3,2024/6/23 1:51,30.553877,Right,Descending
[AT] Saga_Hakata_LSM2,StriX-1,2024/6/23 1:54,38.164019,Left,Descending
[AT] AGRI_Ogata,StriX-3,2024/6/23 3:26,41.129579,Left,Descending
[AT] Ishikawa_Nanao_SM2,StriX-3,2024/6/23 4:46,43.243729,Left,Ascending
[AT] Ishikawa_Suzu_SM2,StriX-3,2024/6/23 6:17,15.382883,Left,Ascending
[AT] Ishikawa_Nanao_SM2,StriX-3,2024/6/23 6:17,15.382883,Left,Ascending
[AT] Ishikawa_Nanao_SM2,StriX-3,2024/6/23 6:18,41.145684,Right,Ascending
[AT] Ishikawa_Nanao_SM2,StriX-3,2024/6/23 6:18,36.259493,Right,Ascending
[AT] Ishikawa_Nanao_SM2,StriX-3,2024/6/23 6:18,22.394657,Right,Ascending
[AT] Ishikawa_Nanao_SM2,StriX-3,2024/6/23 6:19,24.418837,Right,Ascending
[AT] Railway_Mine_LSM2,StriX-3,2024/6/23 7:54,31.449934,Left,Ascending
[AT] Oita_Miyazaki_LSM2,StriX-3,2024/6/23 7:56,34.254288,Left,Ascending
[AT] AGRI_Ogata,StriX-3,2024/6/23 11:16,24.984813,Left,Ascending
[AT] Naka_Ryugasaki_LSM2,StriX-3,2024/6/23 12:48,38.149138,Left,Ascending
[AT] Ishikawa_Nanao_SM2,StriX-3,2024/6/23 17:57,27.229914,Right,Descending
[AT] Ishikawa_Nanao_SM2,StriX-3,2024/6/23 17:57,37.729613,Right,Descending
[AT] Ishikawa_Nanao_SM2,StriX-3,2024/6/23 17:58,43.712296,Right,Descending
[AT] Ishikawa_Nanao_SM2,StriX-3,2024/6/23 17:59,37.329545,Right,Descending
[AT] Ishikawa_Nanao_SM2,StriX-3,2024/6/23 17:59,39.72186,Right,Descending
[AT] Ishikawa_Nanao_SM2,StriX-3,2024/6/23 17:59,37.899747,Right,Descending
[AT] Ishikawa_Nanao_SM2,StriX-3,2024/6/23 17:59,40.263135,Right,Descending
[AT] Ishikawa_Nanao_SM2,StriX-3,2024/6/23 17:59,39.171616,Right,Descending
[AT] Ishikawa_Nanao_SM2,StriX-3,2024/6/23 17:59,40.697772,Right,Descending
[AT] Ishikawa_Nanao_SM2,StriX-3,2024/6/23 17:59,38.089885,Right,Descending
[AT] Ishikawa_Nanao_SM2,StriX-3,2024/6/23 17:59,42.624863,Right,Descending
